<?xml version="1.0" encoding="UTF-8" standalone="yes"?>
<addon id="repository.KodiDog" name="[B]KodiDog Add-ons Repository[/B]" version="1.0.0" provider-name="KodiDog">
	<extension point="xbmc.addon.repository" name="[B]KodiDog Add-ons Repository[/B]">
        <info>https://raw.githubusercontent.com/Kpoodle/Repo19B/master/addons.xml</info>
        <checksum>https://raw.githubusercontent.com/Kpoodle/Repo19B/master/addons.xml.md5</checksum>
        <datadir zip="true">https://raw.githubusercontent.com/Kpoodle/Repo19B/master/zips/</datadir>
	</extension>
	<extension point="xbmc.addon.metadata">
		<summary></summary>
		<description></description>
		<platform>all</platform>
		<assets>
			<icon>icon.png</icon>
			<fanart>fanart.jpg</fanart>
		</assets>
	</extension>
</addon>